-- phpMyAdmin SQL Dump
-- version 5.2.0
-- https://www.phpmyadmin.net/
--
-- Host: localhost
-- Creato il: Feb 23, 2025 alle 18:31
-- Versione del server: 8.0.32
-- Versione PHP: 8.0.22

SET SQL_MODE = "NO_AUTO_VALUE_ON_ZERO";
START TRANSACTION;
SET time_zone = "+00:00";


/*!40101 SET @OLD_CHARACTER_SET_CLIENT=@@CHARACTER_SET_CLIENT */;
/*!40101 SET @OLD_CHARACTER_SET_RESULTS=@@CHARACTER_SET_RESULTS */;
/*!40101 SET @OLD_COLLATION_CONNECTION=@@COLLATION_CONNECTION */;
/*!40101 SET NAMES utf8mb4 */;

--
-- Database: `my_webmins`
--

-- --------------------------------------------------------

--
-- Struttura della tabella `ContrattoTelefonico`
--

CREATE TABLE `ContrattoTelefonico` (
  `numero` varchar(15) NOT NULL,
  `dataAttivazione` date DEFAULT NULL,
  `tipo` enum('consumo','ricarica') NOT NULL,
  `minutiResidui` int DEFAULT NULL,
  `creditoResiduo` decimal(10,2) DEFAULT NULL
) ENGINE=MyISAM DEFAULT CHARSET=utf8mb4 COLLATE=utf8mb4_0900_ai_ci;

--
-- Dump dei dati per la tabella `ContrattoTelefonico`
--

INSERT INTO `ContrattoTelefonico` (`numero`, `dataAttivazione`, `tipo`, `minutiResidui`, `creditoResiduo`) VALUES
('2147483647', '2024-11-29', 'consumo', 53, NULL),
('987654321', '2024-12-10', 'ricarica', NULL, '125.50'),
('1234567890', '2024-11-28', 'consumo', 87, NULL),
('1001', '2024-07-04', 'consumo', 1000, NULL),
('1239185025', '2024-11-28', 'ricarica', 0, '26.20'),
('999999999', '2024-11-29', 'consumo', 120, NULL),
('3412781961', '2024-12-05', 'ricarica', NULL, '15.62'),
('000111222', '2024-11-12', 'consumo', 60, NULL),
('555555555555', '2024-11-21', 'ricarica', NULL, '12.10'),
('555754489', '2024-12-10', 'ricarica', 600, NULL),
('3458341994', '2024-12-14', 'ricarica', NULL, '779.00'),
('8888888888', '2025-02-23', 'ricarica', NULL, '989.00'),
('666666666', '2025-02-23', 'consumo', 130, NULL),
('333222333', '2025-02-23', 'consumo', 12, NULL),
('3456789012', '2024-01-10', 'consumo', 300, NULL),
('3891234567', '2023-11-25', 'ricarica', NULL, '25.50'),
('3209876543', '2024-02-15', 'consumo', 150, NULL),
('3311122334', '2023-09-05', 'ricarica', NULL, '12.75'),
('3405678901', '2024-03-01', 'consumo', 500, NULL),
('3156789012', '2024-01-20', 'ricarica', NULL, '50.00'),
('3287654321', '2023-10-10', 'consumo', 200, NULL),
('3776655443', '2023-08-05', 'ricarica', NULL, '5.00'),
('3665544332', '2024-02-01', 'consumo', 350, NULL),
('3999988776', '2023-12-15', 'ricarica', NULL, '18.30'),
('+39487461128', '2023-01-04', 'ricarica', NULL, '49.98'),
('+39628934243', '2023-08-24', 'consumo', NULL, '64.24'),
('+39857718047', '2023-05-12', 'consumo', 720, NULL),
('+39585838973', '2023-11-18', 'ricarica', NULL, NULL),
('+39300349531', '2023-06-17', 'consumo', NULL, '65.67'),
('+39268587390', '2023-05-17', 'consumo', 685, '50.09'),
('+39770363285', '2023-05-08', 'consumo', 309, NULL),
('+39983522627', '2023-05-15', 'ricarica', 206, '83.99'),
('+39524324494', '2023-02-07', 'ricarica', 68, NULL),
('+39872753429', '2023-09-19', 'ricarica', NULL, '56.69'),
('+39260876936', '2023-08-09', 'consumo', 126, '28.80'),
('+39838942508', '2023-05-01', 'consumo', NULL, NULL),
('+39212419955', '2023-11-20', 'ricarica', 62, NULL),
('+39094670350', '2023-02-07', 'consumo', NULL, '56.53'),
('+39924071086', '2023-12-04', 'ricarica', 831, '14.06'),
('+39522801135', '2023-03-12', 'consumo', 754, '79.54'),
('+39142303004', '2023-04-29', 'consumo', 512, NULL),
('+39941085712', '2023-03-21', 'consumo', NULL, '5.10'),
('+39391216209', '2023-10-21', 'ricarica', NULL, NULL),
('+39011493004', '2023-08-10', 'ricarica', 883, '78.43'),
('+39261301127', '2023-12-15', 'ricarica', 355, '89.38'),
('+39692856833', '2023-10-13', 'ricarica', NULL, '70.81'),
('+39623043684', '2023-12-28', 'consumo', 27, '74.28'),
('+39419184273', '2023-11-13', 'consumo', NULL, '39.11'),
('+39680817401', '2023-03-26', 'consumo', NULL, '37.28'),
('+39882068221', '2023-04-17', 'ricarica', 505, '28.92'),
('+39562631444', '2023-12-12', 'consumo', 688, NULL),
('+39729287123', '2023-07-27', 'ricarica', NULL, '94.23'),
('+39897938308', '2023-08-30', 'ricarica', 697, NULL),
('+39666363120', '2023-11-17', 'consumo', 348, '14.35'),
('+39203989613', '2023-08-04', 'consumo', NULL, '93.51'),
('+39081274082', '2023-08-08', 'ricarica', 732, '5.71'),
('+39333512163', '2023-07-01', 'consumo', NULL, NULL),
('+39950223051', '2023-05-01', 'ricarica', 723, '50.79'),
('+39932652546', '2023-02-20', 'ricarica', 708, NULL),
('+39367440573', '2023-12-10', 'ricarica', 120, NULL),
('+39874343912', '2023-03-26', 'ricarica', NULL, NULL),
('+39054519425', '2023-09-21', 'consumo', 36, '64.51'),
('+39373589126', '2023-12-07', 'ricarica', NULL, '99.23'),
('+39118954309', '2023-08-14', 'ricarica', NULL, '81.70');

-- --------------------------------------------------------

--
-- Struttura della tabella `SIMAttiva`
--

CREATE TABLE `SIMAttiva` (
  `codice` int NOT NULL,
  `tipoSIM` varchar(50) DEFAULT NULL,
  `associataA` varchar(15) DEFAULT NULL,
  `dataAttivazione` date DEFAULT NULL
) ENGINE=MyISAM DEFAULT CHARSET=utf8mb4 COLLATE=utf8mb4_0900_ai_ci;

--
-- Dump dei dati per la tabella `SIMAttiva`
--

INSERT INTO `SIMAttiva` (`codice`, `tipoSIM`, `associataA`, `dataAttivazione`) VALUES
(14, 'nano', '3456789012', '2024-01-10'),
(76, 'micro', '3776655443', '2023-08-05'),
(45, 'nano', '3287654321', '2023-10-10'),
(93, 'mini', '3156789012', '2024-01-20'),
(26, 'mini', '333222333', '2025-02-23'),
(5, 'nano', '666666666', '2025-02-23'),
(24, 'nano', '3456789012', '2024-01-10'),
(56, 'micro', '3891234567', '2023-11-25'),
(11, 'nano', '555555555555', '2024-12-05'),
(1, 'nano', '1239185025', '2024-12-05'),
(97, 'micro', '3458341994', '2024-12-14'),
(90, 'nano', '999999999', '2024-12-10'),
(990, 'nano', '000111222', '2024-11-30'),
(34, 'micro', '3412781961', '2024-12-10'),
(65, 'nano', '3209876543', '2024-02-15'),
(92, 'micro', '1234567890', '2024-11-28'),
(98, 'micro', '987654321', '2024-12-10'),
(58, 'mini', '1001', '2024-11-30'),
(49, 'micro', '555754489', '2024-12-10'),
(8, 'nano', '3456789012', '2024-01-10'),
(99, 'nano', '3456789012', '2024-01-10'),
(9, 'nano', '3456789012', '2024-01-10'),
(2, 'micro', '3891234567', '2023-11-25'),
(3, 'nano', '3209876543', '2024-02-15'),
(4, 'mini', '3156789012', '2024-01-20'),
(10, 'nano', '3287654321', '2023-10-10'),
(6, 'micro', '3776655443', '2023-08-05'),
(7, 'standard', '3665544332', '2024-02-01'),
(12, 'nano', '3456789012', '2024-01-10'),
(13, 'micro', '3891234567', '2023-11-25'),
(15, 'nano', '3209876543', '2024-02-15'),
(16, 'standard', '3156789012', '2024-01-20'),
(17, 'nano', '3287654321', '2023-10-10'),
(18, 'micro', '3776655443', '2023-08-05'),
(19, 'standard', '3665544332', '2024-02-01'),
(20, 'nano', '3999988776', '2023-12-15'),
(162672857, 'micro', '+39932652546', '2023-08-17'),
(836594306, 'nano', '+39924071086', '2023-10-12'),
(89393326, 'nano', '+39261301127', '2023-11-05'),
(809127136, 'micro', '+39983522627', '2023-03-22'),
(676927598, 'mini', '+39692856833', '2023-12-21'),
(371679457, 'mini', '+39094670350', '2023-05-21'),
(644663700, 'nano', '8888888888', '2023-03-06'),
(733735446, 'nano', '+39729287123', '2023-03-16'),
(335162369, 'nano', '3405678901', '2023-05-12'),
(502131249, 'micro', '+39419184273', '2023-03-21'),
(882172294, 'mini', '+39729287123', '2023-04-05'),
(806733248, 'nano', '2147483647', '2023-12-05'),
(227625242, 'micro', '+39941085712', '2023-11-03'),
(138818351, 'nano', '+39524324494', '2023-07-01'),
(849281463, 'mini', '+39333512163', '2023-10-10'),
(324769205, 'nano', '+39838942508', '2023-06-06'),
(422920376, 'mini', '+39391216209', '2023-08-01'),
(794792741, 'nano', '+39333512163', '2023-05-19'),
(503221724, 'micro', '+39623043684', '2023-08-18'),
(545003032, 'mini', '+39142303004', '2023-05-29');

-- --------------------------------------------------------

--
-- Struttura della tabella `SIMDisattiva`
--

CREATE TABLE `SIMDisattiva` (
  `codice` int NOT NULL,
  `tipoSIM` varchar(50) DEFAULT NULL,
  `eraAssociataA` varchar(15) DEFAULT NULL,
  `dataAttivazione` date DEFAULT NULL,
  `dataDisattivazione` date DEFAULT NULL
) ENGINE=MyISAM DEFAULT CHARSET=utf8mb4 COLLATE=utf8mb4_0900_ai_ci;

--
-- Dump dei dati per la tabella `SIMDisattiva`
--

INSERT INTO `SIMDisattiva` (`codice`, `tipoSIM`, `eraAssociataA`, `dataAttivazione`, `dataDisattivazione`) VALUES
(38, 'micro', '2147483647', '2024-12-10', '2025-02-23'),
(21, 'mini', '3311122334', '2023-05-10', '2024-01-20'),
(2, 'mini', '8888888888', '2025-02-23', '2025-02-23'),
(33, 'mini', '555754489', '2024-12-06', '2024-12-10'),
(41, 'micro', '555555555555', '2024-12-05', '2024-12-05'),
(12, 'micro', '2147483647', '2024-11-30', '2024-11-30'),
(3, 'mini', '1003', '2023-01-03', '2024-11-30'),
(37, 'micro', '2147483647', '2024-11-29', '2024-11-30'),
(18, 'mini', '987654321', '2024-11-29', '2024-12-04'),
(87, 'ricarica', '3781039582', '2024-07-01', '2024-11-30'),
(35, 'nano', '555555555555', '2024-11-30', '2024-11-30'),
(69, 'micro', '3412781961', '2024-11-30', '2024-12-01'),
(22, 'nano', '3405678901', '2023-07-12', '2024-02-05'),
(23, 'micro', '3287654321', '2023-03-08', '2024-01-01'),
(25, 'mini', '3776655443', '2022-09-30', '2023-12-10'),
(27, 'nano', '3665544332', '2023-04-15', '2023-11-25'),
(610988968, NULL, '1234567890', '2023-06-06', '2023-08-15'),
(820808416, NULL, '3665544332', '2023-10-04', '2023-03-28'),
(918039271, NULL, '+39882068221', '2023-06-08', '2023-07-02'),
(198539939, NULL, '+39522801135', '2023-03-04', '2023-02-11'),
(55207113, NULL, '+39333512163', '2023-10-24', '2023-02-17'),
(211026243, NULL, '+39838942508', '2023-11-02', '2023-07-12'),
(127025632, NULL, '+39011493004', '2023-08-20', '2023-09-02'),
(444641401, NULL, '555754489', '2023-07-21', '2023-12-10'),
(41839294, NULL, '3287654321', '2023-03-05', '2023-06-25'),
(891144243, NULL, '3209876543', '2023-09-07', '2023-08-06'),
(929291884, NULL, '3776655443', '2023-01-17', '2023-12-16'),
(646405227, NULL, '+39333512163', '2023-05-12', '2023-01-08'),
(18882468, NULL, '3458341994', '2023-05-30', '2023-11-28'),
(304533363, NULL, '3999988776', '2023-09-07', '2023-03-28'),
(139161387, NULL, '+39094670350', '2023-07-21', '2023-05-28'),
(361736365, NULL, '+39680817401', '2023-04-29', '2023-06-24'),
(415676408, NULL, '+39142303004', '2023-02-07', '2023-03-20'),
(764488691, NULL, '+39680817401', '2023-02-13', '2023-10-10'),
(510431804, NULL, '000111222', '2023-05-14', '2023-07-04'),
(422052247, NULL, '+39585838973', '2023-07-05', '2023-12-06');

-- --------------------------------------------------------

--
-- Struttura della tabella `SIMNonAttiva`
--

CREATE TABLE `SIMNonAttiva` (
  `codice` int NOT NULL,
  `tipoSIM` varchar(50) CHARACTER SET utf8mb4 COLLATE utf8mb4_0900_ai_ci NOT NULL
) ENGINE=MyISAM DEFAULT CHARSET=utf8mb4 COLLATE=utf8mb4_0900_ai_ci;

--
-- Dump dei dati per la tabella `SIMNonAttiva`
--

INSERT INTO `SIMNonAttiva` (`codice`, `tipoSIM`) VALUES
(40, 'nano'),
(14, 'nano'),
(67, 'micro'),
(54, 'nano'),
(15, 'mini'),
(68, 'nano'),
(76, 'micro'),
(13, 'nano'),
(51, 'mini'),
(56, 'nano'),
(71, 'micro'),
(27, 'micro'),
(28, 'standard'),
(29, 'nano'),
(30, 'micro'),
(31, 'standard'),
(32, 'nano'),
(33, 'micro'),
(35, 'standard'),
(430490559, 'mini'),
(356968846, 'mini'),
(907993325, 'micro'),
(39153849, 'micro'),
(571983488, 'nano'),
(515301916, 'mini'),
(642885286, 'mini'),
(577103482, 'mini'),
(178998855, 'micro'),
(207047184, 'micro'),
(322907080, 'micro'),
(271810143, 'nano'),
(258229281, 'nano'),
(460065325, 'micro'),
(417177926, 'micro'),
(785792947, 'mini'),
(175464944, 'mini'),
(261697687, 'nano'),
(393071840, 'mini'),
(113086066, 'mini');

-- --------------------------------------------------------

--
-- Struttura della tabella `Telefonata`
--

CREATE TABLE `Telefonata` (
  `id` int NOT NULL,
  `effettuataDa` varchar(15) DEFAULT NULL,
  `data` date NOT NULL,
  `ora` time NOT NULL,
  `durata` int NOT NULL,
  `costo` decimal(10,2) NOT NULL
) ENGINE=MyISAM DEFAULT CHARSET=utf8mb4 COLLATE=utf8mb4_0900_ai_ci;

--
-- Dump dei dati per la tabella `Telefonata`
--

INSERT INTO `Telefonata` (`id`, `effettuataDa`, `data`, `ora`, `durata`, `costo`) VALUES
(285, '1001', '2024-12-08', '13:17:00', 20, '0.00'),
(679, '000111222', '2024-11-29', '12:14:00', 15, '0.00'),
(478, '1001', '2024-02-05', '00:25:00', 12, '0.00'),
(511, '1001', '2024-12-03', '17:24:00', 25, '0.00'),
(784, '555555555555', '2025-02-22', '14:52:00', 9, '0.90'),
(650, '3458341994', '2024-12-18', '14:45:00', 200, '20.00'),
(925, '000111222', '2024-12-20', '17:46:00', 20, '0.00'),
(871, '000111222', '2024-11-29', '03:45:00', 0, '0.00'),
(610, '1239185025', '2024-12-20', '20:52:00', 10, '1.00'),
(604, '000111222', '2024-11-28', '20:50:00', 10, '0.00'),
(93, '1234567890', '2024-12-05', '19:22:00', 13, '0.65'),
(176, '8888888888', '2025-02-22', '16:25:00', 10, '1.00'),
(706, '666666666', '2025-02-23', '19:52:00', 20, '1.00'),
(934, '3456789012', '2024-03-05', '14:30:00', 10, '0.50'),
(935, '3891234567', '2024-03-07', '18:45:00', 5, '0.20'),
(936, '3209876543', '2024-03-09', '09:15:00', 20, '1.00'),
(937, '3311122334', '2024-03-10', '22:00:00', 15, '0.75'),
(938, '3405678901', '2024-03-12', '07:30:00', 8, '0.30'),
(939, '3156789012', '2024-03-15', '11:00:00', 25, '2.00'),
(940, '3287654321', '2024-03-17', '19:45:00', 12, '0.80'),
(941, '3776655443', '2024-03-20', '23:30:00', 6, '0.25'),
(942, '3665544332', '2024-03-22', '08:50:00', 18, '1.50'),
(943, '3999988776', '2024-03-25', '16:10:00', 9, '0.40'),
(944, '3456789012', '2024-03-27', '13:15:00', 7, '0.35'),
(945, '3891234567', '2024-03-28', '20:30:00', 14, '1.10'),
(946, '3209876543', '2024-03-29', '17:45:00', 22, '1.80'),
(947, '3311122334', '2024-03-30', '21:00:00', 10, '0.60'),
(948, '3405678901', '2024-03-31', '06:25:00', 5, '0.15');

--
-- Indici per le tabelle scaricate
--

--
-- Indici per le tabelle `ContrattoTelefonico`
--
ALTER TABLE `ContrattoTelefonico`
  ADD PRIMARY KEY (`numero`);

--
-- Indici per le tabelle `SIMAttiva`
--
ALTER TABLE `SIMAttiva`
  ADD PRIMARY KEY (`codice`),
  ADD UNIQUE KEY `codice` (`codice`),
  ADD KEY `fk_associataA` (`associataA`);

--
-- Indici per le tabelle `SIMDisattiva`
--
ALTER TABLE `SIMDisattiva`
  ADD PRIMARY KEY (`codice`),
  ADD UNIQUE KEY `codice` (`codice`),
  ADD KEY `fk_eraAssociataA` (`eraAssociataA`);

--
-- Indici per le tabelle `SIMNonAttiva`
--
ALTER TABLE `SIMNonAttiva`
  ADD PRIMARY KEY (`codice`);

--
-- Indici per le tabelle `Telefonata`
--
ALTER TABLE `Telefonata`
  ADD PRIMARY KEY (`id`),
  ADD KEY `fk_Telefonata_effettuataDa` (`effettuataDa`);

--
-- AUTO_INCREMENT per le tabelle scaricate
--

--
-- AUTO_INCREMENT per la tabella `Telefonata`
--
ALTER TABLE `Telefonata`
  MODIFY `id` int NOT NULL AUTO_INCREMENT, AUTO_INCREMENT=949;
COMMIT;

/*!40101 SET CHARACTER_SET_CLIENT=@OLD_CHARACTER_SET_CLIENT */;
/*!40101 SET CHARACTER_SET_RESULTS=@OLD_CHARACTER_SET_RESULTS */;
/*!40101 SET COLLATION_CONNECTION=@OLD_COLLATION_CONNECTION */;
